Species,1900-1909,1910-1919,1920-1929,1930-1939,1940-1949,1950-1959,1960-1969,1970-1979,1980-1989,1990-1999
Blue,758,30263,84319,163687,40389,29149,13696,1387,0,0
Fin,1070,36753,66084,137490,100705,262404,111776,10178,1,0
Sperm,11,4122,6609,21540,34888,96997,141754,99735,879,0
Humpback,11603,57205,14090,31758,11105,58849,31195,43,0,0
Sei,661,2549,6373,2333,4305,21302,131538,35528,0,0
Bryde's,3,607,322,57,450,252,1619,3577,1026,0
Minke,0,6,1,0,1,132,3196,64152,45974,3751
Right,331,487,119,122,2,250,3137,4,0,0
Unspec.,1363,3311,313,2198,87,15,9,1,0,0
Totals,15800,135303,178230,359185,191932,469350,437920,214605,47880,3751
